epoch,step,train_acc,train_loss
0,49,0.5625,0.7029365301132202
0,99,0.75,0.652091920375824
